capacity,grand_cost,epsilon_star,epsilon_lp,cost_of_stability,integrality_gap,shapley_min_slack,blocking_coalitions,grand_processors,owen_condition,certificate
6000.000000,6772.600000,0.000000,-4.750000,0.000000,276.120513,-3.950000,1,L,true,
6250.000000,6772.600000,0.000000,-11.716667,0.000000,290.053846,-3.950000,1,L,true,
6500.000000,6772.600000,0.000000,-12.500000,0.000000,302.915385,-8.116667,1,L,true,
6750.000000,6772.600000,0.000000,-14.480324,0.000000,322.745513,-8.301667,1,L,true,
7000.000000,6772.600000,0.000000,-16.666667,0.000000,343.787179,-9.671667,1,L,true,
7250.000000,6772.600000,0.000000,-16.666667,0.000000,364.828846,-9.671667,1,L,true,
7500.000000,6772.600000,0.000000,-16.666667,0.000000,385.870513,-9.671667,1,L,true,
7750.000000,6772.600000,0.000000,-16.666667,0.000000,406.912179,-11.471667,1,L,true,
8000.000000,6760.600000,-3.100000,-16.666667,0.000000,415.953846,-114.096667,2,H;L,true,
8250.000000,6752.225000,15.743750,-16.666667,20.991667,424.245513,-110.441667,3,H;L,true,M+R1+R2+R4+R5;M+R1+R3+R5;M+R2+R3+R4+R5;R1+R2+R3+R4
8500.000000,6743.850000,15.792857,-16.666667,22.110000,431.556787,-99.078333,4,H;L,true,M+R2+R3+R4+R5;M+R1+R3+R4;R1+R2+R4+R5;M+R1+R2+R5;M+R1+R3+R5;R1+R2+R3+R4
8750.000000,6735.475000,12.482143,-16.666667,17.475000,437.971703,-93.991306,3,H;L,true,M+R1+R3+R5;M+R2+R3+R4+R5;M+R1+R2+R4;R1+R2+R3+R4;R1+R2+R4+R5
9000.000000,6727.100000,18.157143,-16.666667,25.420000,443.564957,-81.420000,3,H;L,true,M+R2+R3+R4+R5;R1+R2+R4+R5;M+R1+R3+R4;M+R1+R3+R5;M+R1+R2+R3
9250.000000,6719.475000,12.710714,-16.666667,17.795000,449.153170,-74.153333,3,H;L,true,M+R2+R3+R4+R5;R1+R2+R4+R5;M+R1+R3+R4;M+R1+R3+R5;M+R1+R2+R3
9500.000000,6714.850000,9.407143,-16.666667,13.170000,457.045951,-66.853333,3,H;L,true,M+R2+R3+R4+R5;R1+R2+R4+R5;M+R1+R3+R4;M+R1+R3+R5;M+R1+R2+R3
9750.000000,6710.225000,6.103571,-16.666667,8.545000,464.296795,-59.403333,3,H;L,true,M+R2+R3+R4+R5;R1+R2+R4+R5;M+R1+R3+R4;M+R1+R3+R5;M+R1+R2+R3
9800.000000,6709.300000,55.650000,-16.666667,74.200000,465.674254,-147.631667,4,H;L,true,M+R1+R2+R3;M+R1+R3+R4+R5;M+R2+R3+R4+R5;R1+R2+R4+R5
10000.000000,6705.600000,52.875000,-16.666667,70.500000,470.953846,-144.985000,4,H;L,true,M+R1+R2+R3;M+R1+R3+R4+R5;M+R2+R3+R4+R5;R1+R2+R4+R5
10250.000000,6700.975000,79.506250,-16.666667,106.008333,477.060553,-149.325833,6,H;L,true,M+R1+R2+R3;M+R1+R2+R4+R5;M+R1+R3+R4+R5;R2+R3+R4+R5
10500.000000,6696.350000,76.037500,-16.666667,101.383333,482.656227,-146.563333,6,H;L,true,M+R1+R2+R3;M+R1+R2+R4+R5;M+R1+R3+R4+R5;R2+R3+R4+R5
10600.000000,6694.500000,108.440000,-16.666667,154.600000,484.759507,-253.728333,7,H;L,true,M+R1+R3+R4+R5;R1+R2+R3+R4;M+R1+R2+R4+R5;M+R1+R2+R3+R5;M+R2+R3+R4+R5
10750.000000,6692.175000,106.580000,-16.666667,152.275000,488.226521,-252.118333,7,H;L,true,M+R1+R3+R4+R5;R1+R2+R3+R4;M+R1+R2+R4+R5;M+R1+R2+R3+R5;M+R2+R3+R4+R5
11000.000000,6688.300000,145.820000,-16.666667,182.275000,493.653846,-258.331667,7,H;L,true,M+R1+R2+R3+R4;R2+R3+R4+R5;M+R1+R3+R4+R5;M+R1+R2+R3+R5;M+R1+R2+R4+R5
11250.000000,6684.425000,142.720000,-16.666667,178.400000,498.667735,-255.102500,7,H;L,true,M+R1+R2+R3+R4;R2+R3+R4+R5;M+R1+R3+R4+R5;M+R1+R2+R3+R5;M+R1+R2+R4+R5
11500.000000,6680.550000,139.620000,-16.666667,174.525000,503.295151,-251.873333,7,H;L,true,M+R1+R2+R3+R4;R2+R3+R4+R5;M+R1+R3+R4+R5;M+R1+R2+R3+R5;M+R1+R2+R4+R5
11750.000000,6676.675000,136.520000,-16.666667,170.650000,507.560761,-248.644167,6,H;L,true,M+R1+R2+R3+R4;R2+R3+R4+R5;M+R1+R3+R4+R5;M+R1+R2+R3+R5;M+R1+R2+R4+R5
12000.000000,6672.800000,133.420000,-16.666667,166.775000,511.487179,-245.415000,6,H;L,true,M+R1+R2+R3+R4;R2+R3+R4+R5;M+R1+R3+R4+R5;M+R1+R2+R3+R5;M+R1+R2+R4+R5
12250.000000,6668.925000,130.320000,-16.666667,162.900000,515.095173,-242.185833,6,H;L,true,M+R1+R2+R3+R4;R2+R3+R4+R5;M+R1+R3+R4+R5;M+R1+R2+R3+R5;M+R1+R2+R4+R5
12400.000000,6386.600000,-95.540000,-16.666667,0.000000,237.115136,-6.915000,1,H,true,
12500.000000,6386.600000,-95.540000,-16.811111,0.000000,240.387179,-6.915000,1,H,true,
12750.000000,6386.600000,-95.540000,-17.558824,0.000000,249.532278,-6.915000,1,H,true,
13000.000000,6386.600000,-95.540000,-18.277778,0.000000,258.325641,-6.915000,1,H,true,
13250.000000,6386.600000,-95.540000,-18.969602,0.000000,266.787179,-6.915000,1,H,true,
13500.000000,6386.600000,-95.540000,-19.635802,0.000000,274.935328,-6.915000,1,H,true,
13750.000000,6386.600000,-95.540000,-20.277778,0.000000,282.787179,-6.915000,1,H,true,
14000.000000,6386.600000,-95.540000,-20.896825,0.000000,290.358608,-6.915000,1,H,true,
14250.000000,6386.600000,-95.540000,-21.494152,0.000000,297.664372,-6.915000,1,H,true,
14500.000000,6386.600000,-95.540000,-22.070881,0.000000,304.718214,-6.915000,1,H,true,
14750.000000,6386.600000,-95.540000,-22.628060,0.000000,311.532942,-6.915000,1,H,true,
15000.000000,6386.600000,-95.540000,-23.166667,0.000000,318.120513,-6.915000,1,H,true,
