scenario,coalition,cost,service_rate,required_volume,recovered_output,unit_cost,open_centers,open_processors,solver
baseline,empty,0.00000000,0.000000,0.000000,0.000000,0.00000000,,,none
baseline,M,500.00000000,1.000000,0.000000,0.000000,0.00000000,,,none
baseline,R1,2475.70000000,1.000000,4200.000000,2730.000000,589.45238095,NV,L,SCIP
baseline,R2,1644.90000000,1.000000,2600.000000,1690.000000,632.65384615,GA,L,SCIP
baseline,R3,1428.70000000,1.000000,2200.000000,1430.000000,649.40909091,MI,L,SCIP
baseline,R4,1198.70000000,1.000000,1800.000000,1170.000000,665.94444444,GA,L,SCIP
baseline,R5,1294.60000000,1.000000,1600.000000,1040.000000,809.12500000,MI,L,SCIP
baseline,M+R1,2970.60000000,1.000000,4200.000000,3780.000000,707.28571429,NV,H,SCIP
baseline,M+R2,2144.90000000,1.000000,2600.000000,1690.000000,824.96153846,GA,L,SCIP
baseline,M+R3,1928.70000000,1.000000,2200.000000,1430.000000,876.68181818,MI,L,SCIP
baseline,M+R4,1698.70000000,1.000000,1800.000000,1170.000000,943.72222222,GA,L,SCIP
baseline,M+R5,1794.60000000,1.000000,1600.000000,1040.000000,1121.62500000,MI,L,SCIP
baseline,R1+R2,3790.60000000,1.000000,6800.000000,4420.000000,557.44117647,NV;GA,L,SCIP
baseline,R1+R3,3574.40000000,1.000000,6400.000000,4160.000000,558.50000000,NV;MI,L,SCIP
baseline,R1+R4,3344.40000000,1.000000,6000.000000,3900.000000,557.40000000,NV;GA,L,SCIP
baseline,R1+R5,3402.30000000,1.000000,5800.000000,3770.000000,586.60344828,NV,L,SCIP
baseline,R2+R3,2553.20000000,1.000000,4800.000000,3120.000000,531.91666667,GA,L,SCIP
baseline,R2+R4,2293.60000000,1.000000,4400.000000,2860.000000,521.27272727,GA,L,SCIP
baseline,R2+R5,2392.30000000,1.000000,4200.000000,2730.000000,569.59523810,GA,L,SCIP
baseline,R3+R4,2107.00000000,1.000000,4000.000000,2600.000000,526.75000000,GA,L,SCIP
baseline,R3+R5,2163.30000000,1.000000,3800.000000,2470.000000,569.28947368,MI,L,SCIP
baseline,R4+R5,1946.10000000,1.000000,3400.000000,2210.000000,572.38235294,GA,L,SCIP
baseline,M+R1+R2,4208.40000000,1.000000,6800.000000,6120.000000,618.88235294,NV;MI,H,SCIP
baseline,M+R1+R3,3903.20000000,1.000000,6400.000000,5760.000000,609.87500000,NV;MI,H,SCIP
baseline,M+R1+R4,3802.00000000,1.000000,6000.000000,5400.000000,633.66666667,NV,H,SCIP
baseline,M+R1+R5,3792.40000000,1.000000,5800.000000,5220.000000,653.86206897,NV,H,SCIP
baseline,M+R2+R3,3040.40000000,1.000000,4800.000000,4320.000000,633.41666667,MI,H,SCIP
baseline,M+R2+R4,2793.60000000,1.000000,4400.000000,2860.000000,634.90909091,GA,L,SCIP
baseline,M+R2+R5,2892.30000000,1.000000,4200.000000,2730.000000,688.64285714,GA,L,SCIP
baseline,M+R3+R4,2607.00000000,1.000000,4000.000000,2600.000000,651.75000000,GA,L,SCIP
baseline,M+R3+R5,2646.40000000,1.000000,3800.000000,3420.000000,696.42105263,MI,H,SCIP
baseline,M+R4+R5,2446.10000000,1.000000,3400.000000,2210.000000,719.44117647,GA,L,SCIP
baseline,R1+R2+R3,4698.90000000,1.000000,9000.000000,5850.000000,522.10000000,NV;GA,L,SCIP
baseline,R1+R2+R4,4439.30000000,1.000000,8600.000000,5590.000000,516.19767442,NV;GA,L,SCIP
baseline,R1+R2+R5,4538.00000000,1.000000,8400.000000,5460.000000,540.23809524,NV;GA,L,SCIP
baseline,R1+R3+R4,4252.70000000,1.000000,8200.000000,5330.000000,518.62195122,NV;GA,L,SCIP
baseline,R1+R3+R5,4309.00000000,1.000000,8000.000000,5200.000000,538.62500000,NV;MI,L,SCIP
baseline,R1+R4+R5,4091.80000000,1.000000,7600.000000,4940.000000,538.39473684,NV;GA,L,SCIP
baseline,R2+R3+R4,3392.30000000,1.000000,6600.000000,4290.000000,513.98484848,MI;GA,L,SCIP
baseline,R2+R3+R5,3478.20000000,1.000000,6400.000000,4160.000000,543.46875000,MI;GA,L,SCIP
baseline,R2+R4+R5,3162.00000000,1.000000,6000.000000,3900.000000,527.00000000,TN,L,SCIP
baseline,R3+R4+R5,3032.00000000,1.000000,5600.000000,3640.000000,541.42857143,MI;GA,L,SCIP
baseline,M+R1+R2+R3,4911.00000000,1.000000,9000.000000,8100.000000,545.66666667,NV;MI,H,SCIP
baseline,M+R1+R2+R4,4859.10000000,1.000000,8600.000000,7740.000000,565.01162791,NV;GA,H,SCIP
baseline,M+R1+R2+R5,4822.20000000,1.000000,8400.000000,7560.000000,574.07142857,NV;MI,H,SCIP
baseline,M+R1+R3+R4,4572.60000000,1.000000,8200.000000,7380.000000,557.63414634,NV;MI,H,SCIP
baseline,M+R1+R3+R5,4517.00000000,1.000000,8000.000000,7200.000000,564.62500000,NV;MI,H,SCIP
baseline,M+R1+R4+R5,4483.80000000,1.000000,7600.000000,6840.000000,589.97368421,NV;MI,H,SCIP
baseline,M+R2+R3+R4,3881.20000000,1.000000,6600.000000,5940.000000,588.06060606,MI;GA,H,SCIP
baseline,M+R2+R3+R5,3899.40000000,1.000000,6400.000000,5760.000000,609.28125000,MI;GA,H,SCIP
baseline,M+R2+R4+R5,3662.00000000,1.000000,6000.000000,3900.000000,610.33333333,TN,L,SCIP
baseline,M+R3+R4+R5,3487.20000000,1.000000,5600.000000,5040.000000,622.71428571,MI;GA,H,SCIP
baseline,R1+R2+R3+R4,5422.80000000,1.000000,10800.000000,7020.000000,502.11111111,NV;GA,L,SCIP
baseline,R1+R2+R3+R5,5512.10000000,1.000000,10600.000000,6890.000000,520.00943396,NV;GA,L,SCIP
baseline,R1+R2+R4+R5,5233.70000000,1.000000,10200.000000,6630.000000,513.10784314,NV;GA,L,SCIP
baseline,R1+R3+R4+R5,5055.30000000,1.000000,9800.000000,6370.000000,515.84693878,NV;GA,L,SCIP
baseline,R2+R3+R4+R5,4126.90000000,1.000000,8200.000000,5330.000000,503.28048780,MI;GA,L,SCIP
baseline,M+R1+R2+R3+R4,5922.80000000,1.000000,10800.000000,7020.000000,548.40740741,NV;GA,L,SCIP
baseline,M+R1+R2+R3+R5,5865.10000000,1.000000,10600.000000,9390.000000,553.31132075,NV;MI,H;L,SCIP
baseline,M+R1+R2+R4+R5,5733.70000000,1.000000,10200.000000,6630.000000,562.12745098,NV;GA,L,SCIP
baseline,M+R1+R3+R4+R5,5240.40000000,1.000000,9800.000000,8820.000000,534.73469388,NV;MI,H,SCIP
baseline,M+R2+R3+R4+R5,4520.20000000,1.000000,8200.000000,7380.000000,551.24390244,MI;GA,H,SCIP
baseline,R1+R2+R3+R4+R5,6272.60000000,1.000000,12400.000000,8060.000000,505.85483871,NV;MI;GA,L,SCIP
baseline,M+R1+R2+R3+R4+R5,6705.60000000,1.000000,12400.000000,10560.000000,540.77419355,NV;MI;GA,H;L,SCIP
service_target_90,empty,0.00000000,0.000000,0.000000,0.000000,0.00000000,,,none
service_target_90,M,500.00000000,0.900000,0.000000,0.000000,0.00000000,,,none
service_target_90,R1,2293.63000000,0.900000,3780.000000,2457.000000,606.78042328,NV,L,SCIP
service_target_90,R2,1537.91000000,0.900000,2340.000000,1521.000000,657.22649573,GA,L,SCIP
service_target_90,R3,1344.33000000,0.900000,1980.000000,1287.000000,678.95454545,MI,L,SCIP
service_target_90,R4,1136.33000000,0.900000,1620.000000,1053.000000,701.43827160,GA,L,SCIP
service_target_90,R5,1223.64000000,0.900000,1440.000000,936.000000,849.75000000,MI,L,SCIP
service_target_90,M+R1,2793.63000000,0.900000,3780.000000,2457.000000,739.05555556,NV,L,SCIP
service_target_90,M+R2,2037.91000000,0.900000,2340.000000,1521.000000,870.90170940,GA,L,SCIP
service_target_90,M+R3,1844.33000000,0.900000,1980.000000,1287.000000,931.47979798,MI,L,SCIP
service_target_90,M+R4,1636.33000000,0.900000,1620.000000,1053.000000,1010.08024691,GA,L,SCIP
service_target_90,M+R5,1723.64000000,0.900000,1440.000000,936.000000,1196.97222222,MI,L,SCIP
service_target_90,R1+R2,3391.52000000,0.900000,6120.000000,3978.000000,554.16993464,NV,L,SCIP
service_target_90,R1+R3,3295.76000000,0.900000,5760.000000,3744.000000,572.18055556,NV,L,SCIP
service_target_90,R1+R4,3099.96000000,0.900000,5400.000000,3510.000000,574.06666667,NV;GA,L,SCIP
service_target_90,R1+R5,3130.07000000,0.900000,5220.000000,3393.000000,599.63026820,NV,L,SCIP
service_target_90,R2+R3,2357.88000000,0.900000,4320.000000,2808.000000,545.80555556,GA,L,SCIP
service_target_90,R2+R4,2124.24000000,0.900000,3960.000000,2574.000000,536.42424242,GA,L,SCIP
service_target_90,R2+R5,2213.07000000,0.900000,3780.000000,2457.000000,585.46825397,GA,L,SCIP
service_target_90,R3+R4,1956.30000000,0.900000,3600.000000,2340.000000,543.41666667,GA,L,SCIP
service_target_90,R3+R5,2007.97000000,0.900000,3420.000000,2223.000000,587.12573099,MI,L,SCIP
service_target_90,R4+R5,1811.49000000,0.900000,3060.000000,1989.000000,591.99019608,GA,L,SCIP
service_target_90,M+R1+R2,3760.66000000,0.900000,6120.000000,5508.000000,614.48692810,NV,H,SCIP
service_target_90,M+R1+R3,3680.88000000,0.900000,5760.000000,5184.000000,639.04166667,NV;MI,H,SCIP
service_target_90,M+R1+R4,3566.80000000,0.900000,5400.000000,4860.000000,660.51851852,NV,H,SCIP
service_target_90,M+R1+R5,3558.16000000,0.900000,5220.000000,4698.000000,681.63984674,NV,H,SCIP
service_target_90,M+R2+R3,2857.88000000,0.900000,4320.000000,2808.000000,661.54629630,GA,L,SCIP
service_target_90,M+R2+R4,2624.24000000,0.900000,3960.000000,2574.000000,662.68686869,GA,L,SCIP
service_target_90,M+R2+R5,2713.07000000,0.900000,3780.000000,2457.000000,717.74338624,GA,L,SCIP
service_target_90,M+R3+R4,2456.30000000,0.900000,3600.000000,2340.000000,682.30555556,GA,L,SCIP
service_target_90,M+R3+R5,2507.97000000,0.900000,3420.000000,2223.000000,733.32456140,MI,L,SCIP
service_target_90,M+R4+R5,2311.49000000,0.900000,3060.000000,1989.000000,755.38888889,GA,L,SCIP
service_target_90,R1+R2+R3,4321.51000000,0.900000,8100.000000,5265.000000,533.51975309,NV;GA,L,SCIP
service_target_90,R1+R2+R4,4087.87000000,0.900000,7740.000000,5031.000000,528.14857881,NV;GA,L,SCIP
service_target_90,R1+R2+R5,4176.70000000,0.900000,7560.000000,4914.000000,552.47354497,NV;GA,L,SCIP
service_target_90,R1+R3+R4,3919.93000000,0.900000,7380.000000,4797.000000,531.15582656,NV;GA,L,SCIP
service_target_90,R1+R3+R5,3971.60000000,0.900000,7200.000000,4680.000000,551.61111111,NV;MI,L,SCIP
service_target_90,R1+R4+R5,3775.12000000,0.900000,6840.000000,4446.000000,551.91812865,NV;GA,L,SCIP
service_target_90,R2+R3+R4,3057.47000000,0.900000,5940.000000,3861.000000,514.72558923,TN,L,SCIP
service_target_90,R2+R3+R5,3102.38000000,0.900000,5760.000000,3744.000000,538.60763889,TN,L,SCIP
service_target_90,R2+R4+R5,2912.30000000,0.900000,5400.000000,3510.000000,539.31481481,TN,L,SCIP
service_target_90,R3+R4+R5,2797.82000000,0.900000,5040.000000,3276.000000,555.12301587,TN,L,SCIP
service_target_90,M+R1+R2+R3,4590.40000000,0.900000,8100.000000,7290.000000,566.71604938,NV;MI,H,SCIP
service_target_90,M+R1+R2+R4,4541.88000000,0.900000,7740.000000,6966.000000,586.80620155,NV;GA,H,SCIP
service_target_90,M+R1+R2+R5,4510.48000000,0.900000,7560.000000,6804.000000,596.62433862,NV;MI,H,SCIP
service_target_90,M+R1+R3+R4,4285.84000000,0.900000,7380.000000,6642.000000,580.73712737,NV;MI,H,SCIP
service_target_90,M+R1+R3+R5,4235.80000000,0.900000,7200.000000,6480.000000,588.30555556,NV;MI,H,SCIP
service_target_90,M+R1+R4+R5,4205.92000000,0.900000,6840.000000,6156.000000,614.90058480,NV;MI,H,SCIP
service_target_90,M+R2+R3+R4,3557.47000000,0.900000,5940.000000,3861.000000,598.90067340,TN,L,SCIP
service_target_90,M+R2+R3+R5,3602.38000000,0.900000,5760.000000,3744.000000,625.41319444,TN,L,SCIP
service_target_90,M+R2+R4+R5,3412.30000000,0.900000,5400.000000,3510.000000,631.90740741,TN,L,SCIP
service_target_90,M+R3+R4+R5,3297.82000000,0.900000,5040.000000,3276.000000,654.32936508,TN,L,SCIP
service_target_90,R1+R2+R3+R4,4952.02000000,0.900000,9720.000000,6318.000000,509.46707819,NV;GA,L,SCIP
service_target_90,R1+R2+R3+R5,5032.39000000,0.900000,9540.000000,6201.000000,527.50419287,NV;GA,L,SCIP
service_target_90,R1+R2+R4+R5,4781.83000000,0.900000,9180.000000,5967.000000,520.89651416,NV;GA,L,SCIP
service_target_90,R1+R3+R4+R5,4598.77000000,0.900000,8820.000000,5733.000000,521.40249433,NV;GA,L,SCIP
service_target_90,R2+R3+R4+R5,3802.21000000,0.900000,7380.000000,4797.000000,515.20460705,MI;GA,L,SCIP
service_target_90,M+R1+R2+R3+R4,5209.46000000,0.900000,9720.000000,8748.000000,535.95267490,NV;MI,H,SCIP
service_target_90,M+R1+R2+R3+R5,5156.72000000,0.900000,9540.000000,8586.000000,540.53668763,NV;MI,H,SCIP
service_target_90,M+R1+R2+R4+R5,5121.44000000,0.900000,9180.000000,8262.000000,557.89106754,NV;MI,H,SCIP
service_target_90,M+R1+R3+R4+R5,4844.36000000,0.900000,8820.000000,7938.000000,549.24716553,NV;MI,H,SCIP
service_target_90,M+R2+R3+R4+R5,4224.18000000,0.900000,7380.000000,6642.000000,572.38211382,MI;GA,H,SCIP
service_target_90,R1+R2+R3+R4+R5,5696.66000000,0.900000,11160.000000,7254.000000,510.45340502,NV;GA,L,SCIP
service_target_90,M+R1+R2+R3+R4+R5,6144.96000000,0.900000,11160.000000,9754.000000,550.62365591,NV;MI,H;L,SCIP
restricted_processor_access,empty,0.00000000,0.000000,0.000000,0.000000,0.00000000,,,none
restricted_processor_access,M,500.00000000,1.000000,0.000000,0.000000,0.00000000,,,none
restricted_processor_access,R1,2475.70000000,1.000000,4200.000000,2730.000000,589.45238095,NV,L,SCIP
restricted_processor_access,R2,1644.90000000,1.000000,2600.000000,1690.000000,632.65384615,GA,L,SCIP
restricted_processor_access,R3,1428.70000000,1.000000,2200.000000,1430.000000,649.40909091,MI,L,SCIP
restricted_processor_access,R4,1198.70000000,1.000000,1800.000000,1170.000000,665.94444444,GA,L,SCIP
restricted_processor_access,R5,1294.60000000,1.000000,1600.000000,1040.000000,809.12500000,MI,L,SCIP
restricted_processor_access,M+R1,2975.70000000,1.000000,4200.000000,2730.000000,708.50000000,NV,L,SCIP
restricted_processor_access,M+R2,2144.90000000,1.000000,2600.000000,1690.000000,824.96153846,GA,L,SCIP
restricted_processor_access,M+R3,1928.70000000,1.000000,2200.000000,1430.000000,876.68181818,MI,L,SCIP
restricted_processor_access,M+R4,1698.70000000,1.000000,1800.000000,1170.000000,943.72222222,GA,L,SCIP
restricted_processor_access,M+R5,1794.60000000,1.000000,1600.000000,1040.000000,1121.62500000,MI,L,SCIP
restricted_processor_access,R1+R2,3790.60000000,1.000000,6800.000000,4420.000000,557.44117647,NV;GA,L,SCIP
restricted_processor_access,R1+R3,3574.40000000,1.000000,6400.000000,4160.000000,558.50000000,NV;MI,L,SCIP
restricted_processor_access,R1+R4,3344.40000000,1.000000,6000.000000,3900.000000,557.40000000,NV;GA,L,SCIP
restricted_processor_access,R1+R5,3402.30000000,1.000000,5800.000000,3770.000000,586.60344828,NV,L,SCIP
restricted_processor_access,R2+R3,2553.20000000,1.000000,4800.000000,3120.000000,531.91666667,GA,L,SCIP
restricted_processor_access,R2+R4,2293.60000000,1.000000,4400.000000,2860.000000,521.27272727,GA,L,SCIP
restricted_processor_access,R2+R5,2392.30000000,1.000000,4200.000000,2730.000000,569.59523810,GA,L,SCIP
restricted_processor_access,R3+R4,2107.00000000,1.000000,4000.000000,2600.000000,526.75000000,GA,L,SCIP
restricted_processor_access,R3+R5,2163.30000000,1.000000,3800.000000,2470.000000,569.28947368,MI,L,SCIP
restricted_processor_access,R4+R5,1946.10000000,1.000000,3400.000000,2210.000000,572.38235294,GA,L,SCIP
restricted_processor_access,M+R1+R2,4290.60000000,1.000000,6800.000000,4420.000000,630.97058824,NV;GA,L,SCIP
restricted_processor_access,M+R1+R3,4074.40000000,1.000000,6400.000000,4160.000000,636.62500000,NV;MI,L,SCIP
restricted_processor_access,M+R1+R4,3844.40000000,1.000000,6000.000000,3900.000000,640.73333333,NV;GA,L,SCIP
restricted_processor_access,M+R1+R5,3902.30000000,1.000000,5800.000000,3770.000000,672.81034483,NV,L,SCIP
restricted_processor_access,M+R2+R3,3053.20000000,1.000000,4800.000000,3120.000000,636.08333333,GA,L,SCIP
restricted_processor_access,M+R2+R4,2793.60000000,1.000000,4400.000000,2860.000000,634.90909091,GA,L,SCIP
restricted_processor_access,M+R2+R5,2892.30000000,1.000000,4200.000000,2730.000000,688.64285714,GA,L,SCIP
restricted_processor_access,M+R3+R4,2607.00000000,1.000000,4000.000000,2600.000000,651.75000000,GA,L,SCIP
restricted_processor_access,M+R3+R5,2663.30000000,1.000000,3800.000000,2470.000000,700.86842105,MI,L,SCIP
restricted_processor_access,M+R4+R5,2446.10000000,1.000000,3400.000000,2210.000000,719.44117647,GA,L,SCIP
restricted_processor_access,R1+R2+R3,4698.90000000,1.000000,9000.000000,5850.000000,522.10000000,NV;GA,L,SCIP
restricted_processor_access,R1+R2+R4,4439.30000000,1.000000,8600.000000,5590.000000,516.19767442,NV;GA,L,SCIP
restricted_processor_access,R1+R2+R5,4538.00000000,1.000000,8400.000000,5460.000000,540.23809524,NV;GA,L,SCIP
restricted_processor_access,R1+R3+R4,4252.70000000,1.000000,8200.000000,5330.000000,518.62195122,NV;GA,L,SCIP
restricted_processor_access,R1+R3+R5,4309.00000000,1.000000,8000.000000,5200.000000,538.62500000,NV;MI,L,SCIP
restricted_processor_access,R1+R4+R5,4091.80000000,1.000000,7600.000000,4940.000000,538.39473684,NV;GA,L,SCIP
restricted_processor_access,R2+R3+R4,3392.30000000,1.000000,6600.000000,4290.000000,513.98484848,MI;GA,L,SCIP
restricted_processor_access,R2+R3+R5,3478.20000000,1.000000,6400.000000,4160.000000,543.46875000,MI;GA,L,SCIP
restricted_processor_access,R2+R4+R5,3162.00000000,1.000000,6000.000000,3900.000000,527.00000000,TN,L,SCIP
restricted_processor_access,R3+R4+R5,3032.00000000,1.000000,5600.000000,3640.000000,541.42857143,MI;GA,L,SCIP
restricted_processor_access,M+R1+R2+R3,5198.90000000,1.000000,9000.000000,5850.000000,577.65555556,NV;GA,L,SCIP
restricted_processor_access,M+R1+R2+R4,4939.30000000,1.000000,8600.000000,5590.000000,574.33720930,NV;GA,L,SCIP
restricted_processor_access,M+R1+R2+R5,5038.00000000,1.000000,8400.000000,5460.000000,599.76190476,NV;GA,L,SCIP
restricted_processor_access,M+R1+R3+R4,4752.70000000,1.000000,8200.000000,5330.000000,579.59756098,NV;GA,L,SCIP
restricted_processor_access,M+R1+R3+R5,4809.00000000,1.000000,8000.000000,5200.000000,601.12500000,NV;MI,L,SCIP
restricted_processor_access,M+R1+R4+R5,4591.80000000,1.000000,7600.000000,4940.000000,604.18421053,NV;GA,L,SCIP
restricted_processor_access,M+R2+R3+R4,3892.30000000,1.000000,6600.000000,4290.000000,589.74242424,MI;GA,L,SCIP
restricted_processor_access,M+R2+R3+R5,3978.20000000,1.000000,6400.000000,4160.000000,621.59375000,MI;GA,L,SCIP
restricted_processor_access,M+R2+R4+R5,3662.00000000,1.000000,6000.000000,3900.000000,610.33333333,TN,L,SCIP
restricted_processor_access,M+R3+R4+R5,3532.00000000,1.000000,5600.000000,3640.000000,630.71428571,MI;GA,L,SCIP
restricted_processor_access,R1+R2+R3+R4,5422.80000000,1.000000,10800.000000,7020.000000,502.11111111,NV;GA,L,SCIP
restricted_processor_access,R1+R2+R3+R5,5512.10000000,1.000000,10600.000000,6890.000000,520.00943396,NV;GA,L,SCIP
restricted_processor_access,R1+R2+R4+R5,5233.70000000,1.000000,10200.000000,6630.000000,513.10784314,NV;GA,L,SCIP
restricted_processor_access,R1+R3+R4+R5,5055.30000000,1.000000,9800.000000,6370.000000,515.84693878,NV;GA,L,SCIP
restricted_processor_access,R2+R3+R4+R5,4126.90000000,1.000000,8200.000000,5330.000000,503.28048780,MI;GA,L,SCIP
restricted_processor_access,M+R1+R2+R3+R4,5922.80000000,1.000000,10800.000000,7020.000000,548.40740741,NV;GA,L,SCIP
restricted_processor_access,M+R1+R2+R3+R5,6012.10000000,1.000000,10600.000000,6890.000000,567.17924528,NV;GA,L,SCIP
restricted_processor_access,M+R1+R2+R4+R5,5733.70000000,1.000000,10200.000000,6630.000000,562.12745098,NV;GA,L,SCIP
restricted_processor_access,M+R1+R3+R4+R5,5555.30000000,1.000000,9800.000000,6370.000000,566.86734694,NV;GA,L,SCIP
restricted_processor_access,M+R2+R3+R4+R5,4626.90000000,1.000000,8200.000000,5330.000000,564.25609756,MI;GA,L,SCIP
restricted_processor_access,R1+R2+R3+R4+R5,6272.60000000,1.000000,12400.000000,8060.000000,505.85483871,NV;MI;GA,L,SCIP
restricted_processor_access,M+R1+R2+R3+R4+R5,6772.60000000,1.000000,12400.000000,8060.000000,546.17741935,NV;MI;GA,L,SCIP
governance_cost_25,empty,0.00000000,0.000000,0.000000,0.000000,0.00000000,,,none
governance_cost_25,M,625.00000000,1.000000,0.000000,0.000000,0.00000000,,,none
governance_cost_25,R1,2494.45000000,1.000000,4200.000000,2730.000000,593.91666667,NV,L,SCIP
governance_cost_25,R2,1663.65000000,1.000000,2600.000000,1690.000000,639.86538462,GA,L,SCIP
governance_cost_25,R3,1447.45000000,1.000000,2200.000000,1430.000000,657.93181818,MI,L,SCIP
governance_cost_25,R4,1217.45000000,1.000000,1800.000000,1170.000000,676.36111111,GA,L,SCIP
governance_cost_25,R5,1313.35000000,1.000000,1600.000000,1040.000000,820.84375000,MI,L,SCIP
governance_cost_25,M+R1,3114.35000000,1.000000,4200.000000,3780.000000,741.51190476,NV,H,SCIP
governance_cost_25,M+R2,2288.65000000,1.000000,2600.000000,1690.000000,880.25000000,GA,L,SCIP
governance_cost_25,M+R3,2072.45000000,1.000000,2200.000000,1430.000000,942.02272727,MI,L,SCIP
governance_cost_25,M+R4,1842.45000000,1.000000,1800.000000,1170.000000,1023.58333333,GA,L,SCIP
governance_cost_25,M+R5,1938.35000000,1.000000,1600.000000,1040.000000,1211.46875000,MI,L,SCIP
governance_cost_25,R1+R2,3815.60000000,1.000000,6800.000000,4420.000000,561.11764706,NV;GA,L,SCIP
governance_cost_25,R1+R3,3599.40000000,1.000000,6400.000000,4160.000000,562.40625000,NV;MI,L,SCIP
governance_cost_25,R1+R4,3369.40000000,1.000000,6000.000000,3900.000000,561.56666667,NV;GA,L,SCIP
governance_cost_25,R1+R5,3427.30000000,1.000000,5800.000000,3770.000000,590.91379310,NV,L,SCIP
governance_cost_25,R2+R3,2578.20000000,1.000000,4800.000000,3120.000000,537.12500000,GA,L,SCIP
governance_cost_25,R2+R4,2318.60000000,1.000000,4400.000000,2860.000000,526.95454545,GA,L,SCIP
governance_cost_25,R2+R5,2417.30000000,1.000000,4200.000000,2730.000000,575.54761905,GA,L,SCIP
governance_cost_25,R3+R4,2132.00000000,1.000000,4000.000000,2600.000000,533.00000000,GA,L,SCIP
governance_cost_25,R3+R5,2188.30000000,1.000000,3800.000000,2470.000000,575.86842105,MI,L,SCIP
governance_cost_25,R4+R5,1971.10000000,1.000000,3400.000000,2210.000000,579.73529412,GA,L,SCIP
governance_cost_25,M+R1+R2,4358.40000000,1.000000,6800.000000,6120.000000,640.94117647,NV;MI,H,SCIP
governance_cost_25,M+R1+R3,4053.20000000,1.000000,6400.000000,5760.000000,633.31250000,NV;MI,H,SCIP
governance_cost_25,M+R1+R4,3952.00000000,1.000000,6000.000000,5400.000000,658.66666667,NV,H,SCIP
governance_cost_25,M+R1+R5,3942.40000000,1.000000,5800.000000,5220.000000,679.72413793,NV,H,SCIP
governance_cost_25,M+R2+R3,3190.40000000,1.000000,4800.000000,4320.000000,664.66666667,MI,H,SCIP
governance_cost_25,M+R2+R4,2943.60000000,1.000000,4400.000000,2860.000000,669.00000000,GA,L,SCIP
governance_cost_25,M+R2+R5,3042.30000000,1.000000,4200.000000,2730.000000,724.35714286,GA,L,SCIP
governance_cost_25,M+R3+R4,2757.00000000,1.000000,4000.000000,2600.000000,689.25000000,GA,L,SCIP
governance_cost_25,M+R3+R5,2796.40000000,1.000000,3800.000000,3420.000000,735.89473684,MI,H,SCIP
governance_cost_25,M+R4+R5,2596.10000000,1.000000,3400.000000,2210.000000,763.55882353,GA,L,SCIP
governance_cost_25,R1+R2+R3,4730.15000000,1.000000,9000.000000,5850.000000,525.57222222,NV;GA,L,SCIP
governance_cost_25,R1+R2+R4,4470.55000000,1.000000,8600.000000,5590.000000,519.83139535,NV;GA,L,SCIP
governance_cost_25,R1+R2+R5,4569.25000000,1.000000,8400.000000,5460.000000,543.95833333,NV;GA,L,SCIP
governance_cost_25,R1+R3+R4,4283.95000000,1.000000,8200.000000,5330.000000,522.43292683,NV;GA,L,SCIP
governance_cost_25,R1+R3+R5,4340.25000000,1.000000,8000.000000,5200.000000,542.53125000,NV;MI,L,SCIP
governance_cost_25,R1+R4+R5,4123.05000000,1.000000,7600.000000,4940.000000,542.50657895,NV;GA,L,SCIP
governance_cost_25,R2+R3+R4,3423.55000000,1.000000,6600.000000,4290.000000,518.71969697,MI;GA,L,SCIP
governance_cost_25,R2+R3+R5,3509.45000000,1.000000,6400.000000,4160.000000,548.35156250,MI;GA,L,SCIP
governance_cost_25,R2+R4+R5,3193.25000000,1.000000,6000.000000,3900.000000,532.20833333,TN,L,SCIP
governance_cost_25,R3+R4+R5,3063.25000000,1.000000,5600.000000,3640.000000,547.00892857,MI;GA,L,SCIP
governance_cost_25,M+R1+R2+R3,5067.25000000,1.000000,9000.000000,8100.000000,563.02777778,NV;MI,H,SCIP
governance_cost_25,M+R1+R2+R4,5015.35000000,1.000000,8600.000000,7740.000000,583.18023256,NV;GA,H,SCIP
governance_cost_25,M+R1+R2+R5,4978.45000000,1.000000,8400.000000,7560.000000,592.67261905,NV;MI,H,SCIP
governance_cost_25,M+R1+R3+R4,4728.85000000,1.000000,8200.000000,7380.000000,576.68902439,NV;MI,H,SCIP
governance_cost_25,M+R1+R3+R5,4673.25000000,1.000000,8000.000000,7200.000000,584.15625000,NV;MI,H,SCIP
governance_cost_25,M+R1+R4+R5,4640.05000000,1.000000,7600.000000,6840.000000,610.53289474,NV;MI,H,SCIP
governance_cost_25,M+R2+R3+R4,4037.45000000,1.000000,6600.000000,5940.000000,611.73484848,MI;GA,H,SCIP
governance_cost_25,M+R2+R3+R5,4055.65000000,1.000000,6400.000000,5760.000000,633.69531250,MI;GA,H,SCIP
governance_cost_25,M+R2+R4+R5,3818.25000000,1.000000,6000.000000,3900.000000,636.37500000,TN,L,SCIP
governance_cost_25,M+R3+R4+R5,3643.45000000,1.000000,5600.000000,5040.000000,650.61607143,MI;GA,H,SCIP
governance_cost_25,R1+R2+R3+R4,5460.30000000,1.000000,10800.000000,7020.000000,505.58333333,NV;GA,L,SCIP
governance_cost_25,R1+R2+R3+R5,5549.60000000,1.000000,10600.000000,6890.000000,523.54716981,NV;GA,L,SCIP
governance_cost_25,R1+R2+R4+R5,5271.20000000,1.000000,10200.000000,6630.000000,516.78431373,NV;GA,L,SCIP
governance_cost_25,R1+R3+R4+R5,5092.80000000,1.000000,9800.000000,6370.000000,519.67346939,NV;GA,L,SCIP
governance_cost_25,R2+R3+R4+R5,4164.40000000,1.000000,8200.000000,5330.000000,507.85365854,MI;GA,L,SCIP
governance_cost_25,M+R1+R2+R3+R4,6085.30000000,1.000000,10800.000000,7020.000000,563.45370370,NV;GA,L,SCIP
governance_cost_25,M+R1+R2+R3+R5,6027.60000000,1.000000,10600.000000,9390.000000,568.64150943,NV;MI,H;L,SCIP
governance_cost_25,M+R1+R2+R4+R5,5896.20000000,1.000000,10200.000000,6630.000000,578.05882353,NV;GA,L,SCIP
governance_cost_25,M+R1+R3+R4+R5,5402.90000000,1.000000,9800.000000,8820.000000,551.31632653,NV;MI,H,SCIP
governance_cost_25,M+R2+R3+R4+R5,4682.70000000,1.000000,8200.000000,7380.000000,571.06097561,MI;GA,H,SCIP
governance_cost_25,R1+R2+R3+R4+R5,6316.35000000,1.000000,12400.000000,8060.000000,509.38306452,NV;MI;GA,L,SCIP
governance_cost_25,M+R1+R2+R3+R4+R5,6874.35000000,1.000000,12400.000000,10560.000000,554.38306452,NV;MI;GA,H;L,SCIP
volume_20,empty,0.00000000,0.000000,0.000000,0.000000,0.00000000,,,none
volume_20,M,500.00000000,1.000000,0.000000,0.000000,0.00000000,,,none
volume_20,R1,2839.84000000,1.000000,5040.000000,3276.000000,563.46031746,NV,L,SCIP
volume_20,R2,1858.88000000,1.000000,3120.000000,2028.000000,595.79487179,GA,L,SCIP
volume_20,R3,1597.44000000,1.000000,2640.000000,1716.000000,605.09090909,MI,L,SCIP
volume_20,R4,1323.44000000,1.000000,2160.000000,1404.000000,612.70370370,GA,L,SCIP
volume_20,R5,1436.52000000,1.000000,1920.000000,1248.000000,748.18750000,MI,L,SCIP
volume_20,M+R1,3279.72000000,1.000000,5040.000000,4536.000000,650.73809524,NV,H,SCIP
volume_20,M+R2,2358.88000000,1.000000,3120.000000,2028.000000,756.05128205,GA,L,SCIP
volume_20,M+R3,2097.44000000,1.000000,2640.000000,1716.000000,794.48484848,MI,L,SCIP
volume_20,M+R4,1823.44000000,1.000000,2160.000000,1404.000000,844.18518519,GA,L,SCIP
volume_20,M+R5,1936.52000000,1.000000,1920.000000,1248.000000,1008.60416667,MI,L,SCIP
volume_20,R1+R2,4368.72000000,1.000000,8160.000000,5304.000000,535.38235294,NV;GA,L,SCIP
volume_20,R1+R3,4107.28000000,1.000000,7680.000000,4992.000000,534.80208333,NV;MI,L,SCIP
volume_20,R1+R4,3833.28000000,1.000000,7200.000000,4680.000000,532.40000000,NV;GA,L,SCIP
volume_20,R1+R5,3946.36000000,1.000000,6960.000000,4524.000000,567.00574713,NV;MI,L,SCIP
volume_20,R2+R3,2986.48000000,1.000000,5760.000000,3744.000000,518.48611111,TN,L,SCIP
volume_20,R2+R4,2733.04000000,1.000000,5280.000000,3432.000000,517.62121212,TN,L,SCIP
volume_20,R2+R5,2792.92000000,1.000000,5040.000000,3276.000000,554.15079365,TN,L,SCIP
volume_20,R3+R4,2408.40000000,1.000000,4800.000000,3120.000000,501.75000000,GA,L,SCIP
volume_20,R3+R5,2473.96000000,1.000000,4560.000000,2964.000000,542.53508772,MI,L,SCIP
volume_20,R4+R5,2215.32000000,1.000000,4080.000000,2652.000000,542.97058824,GA,L,SCIP
volume_20,M+R1+R2,4714.08000000,1.000000,8160.000000,7344.000000,577.70588235,NV;MI,H,SCIP
volume_20,M+R1+R3,4347.84000000,1.000000,7680.000000,6912.000000,566.12500000,NV;MI,H,SCIP
volume_20,M+R1+R4,4239.68000000,1.000000,7200.000000,6480.000000,588.84444444,NV;GA,H,SCIP
volume_20,M+R1+R5,4241.28000000,1.000000,6960.000000,6264.000000,609.37931034,NV;MI,H,SCIP
volume_20,M+R2+R3,3486.48000000,1.000000,5760.000000,3744.000000,605.29166667,TN,L,SCIP
volume_20,M+R2+R4,3233.04000000,1.000000,5280.000000,3432.000000,612.31818182,TN,L,SCIP
volume_20,M+R2+R5,3292.92000000,1.000000,5040.000000,3276.000000,653.35714286,TN,L,SCIP
volume_20,M+R3+R4,2908.40000000,1.000000,4800.000000,3120.000000,605.91666667,GA,L,SCIP
volume_20,M+R3+R5,2899.68000000,1.000000,4560.000000,4104.000000,635.89473684,MI,H,SCIP
volume_20,M+R4+R5,2715.32000000,1.000000,4080.000000,2652.000000,665.51960784,GA,L,SCIP
volume_20,R1+R2+R3,5489.40000000,1.000000,10800.000000,7020.000000,508.27777778,NV;GA,L,SCIP
volume_20,R1+R2+R4,5155.32000000,1.000000,10320.000000,6708.000000,499.54651163,NV;GA,L,SCIP
volume_20,R1+R2+R5,5262.48000000,1.000000,10080.000000,6552.000000,522.07142857,NV;GA,L,SCIP
volume_20,R1+R3+R4,4918.24000000,1.000000,9840.000000,6396.000000,499.82113821,NV;GA,L,SCIP
volume_20,R1+R3+R5,4983.80000000,1.000000,9600.000000,6240.000000,519.14583333,NV;MI,L,SCIP
volume_20,R1+R4+R5,4725.16000000,1.000000,9120.000000,5928.000000,518.10964912,NV;GA,L,SCIP
volume_20,R2+R3+R4,3911.52000000,1.000000,7920.000000,5148.000000,493.87878788,MI;GA,L,SCIP
volume_20,R2+R3+R5,4002.84000000,1.000000,7680.000000,4992.000000,521.20312500,MI;GA,L,SCIP
volume_20,R2+R4+R5,3749.88000000,1.000000,7200.000000,4680.000000,520.81666667,TN;GA,L,SCIP
volume_20,R3+R4+R5,3467.40000000,1.000000,6720.000000,4368.000000,515.98214286,MI;GA,L,SCIP
volume_20,M+R1+R2+R3,5896.00000000,1.000000,10800.000000,9520.000000,545.92592593,NV;MI,H;L,SCIP
volume_20,M+R1+R2+R4,5655.32000000,1.000000,10320.000000,6708.000000,547.99612403,NV;GA,L,SCIP
volume_20,M+R1+R2+R5,5731.48000000,1.000000,10080.000000,9052.000000,568.59920635,NV;MI,H;L,SCIP
volume_20,M+R1+R3+R4,5146.12000000,1.000000,9840.000000,8856.000000,522.97967480,NV;MI,H,SCIP
volume_20,M+R1+R3+R5,5079.40000000,1.000000,9600.000000,8640.000000,529.10416667,NV;MI,H,SCIP
volume_20,M+R1+R4+R5,5039.56000000,1.000000,9120.000000,8208.000000,552.58333333,NV;MI,H,SCIP
volume_20,M+R2+R3+R4,4346.12000000,1.000000,7920.000000,7128.000000,548.75252525,MI;GA,H,SCIP
volume_20,M+R2+R3+R5,4354.68000000,1.000000,7680.000000,6912.000000,567.01562500,TN;MI,H,SCIP
volume_20,M+R2+R4+R5,4226.60000000,1.000000,7200.000000,6480.000000,587.02777778,MI;GA,H,SCIP
volume_20,M+R3+R4+R5,3859.64000000,1.000000,6720.000000,6048.000000,574.35119048,MI;GA,H,SCIP
volume_20,R1+R2+R3+R4,6421.36000000,1.000000,12960.000000,8424.000000,495.47530864,NV;MI;GA,L,SCIP
volume_20,R1+R2+R3+R5,6512.68000000,1.000000,12720.000000,8268.000000,512.00314465,NV;MI;GA,L,SCIP
volume_20,R1+R2+R4+R5,6240.84000000,1.000000,12240.000000,7956.000000,509.87254902,NV;TN,L,SCIP
volume_20,R1+R3+R4+R5,5977.24000000,1.000000,11760.000000,7644.000000,508.26870748,NV;MI;GA,L,SCIP
volume_20,R2+R3+R4+R5,4788.04000000,1.000000,9840.000000,6396.000000,486.58943089,MI;GA,L,SCIP
volume_20,M+R1+R2+R3+R4,6852.44000000,1.000000,12960.000000,10924.000000,528.73765432,NV;MI;GA,H;L,SCIP
volume_20,M+R1+R2+R3+R5,6874.88000000,1.000000,12720.000000,10768.000000,540.47798742,NV;MI;GA,H;L,SCIP
volume_20,M+R1+R2+R4+R5,6721.76000000,1.000000,12240.000000,10456.000000,549.16339869,NV;MI;GA,H;L,SCIP
volume_20,M+R1+R3+R4+R5,6346.64000000,1.000000,11760.000000,10144.000000,539.68027211,NV;MI;GA,H;L,SCIP
volume_20,M+R2+R3+R4+R5,5112.24000000,1.000000,9840.000000,8856.000000,519.53658537,MI;GA,H,SCIP
volume_20,R1+R2+R3+R4+R5,7297.88000000,1.000000,14880.000000,9672.000000,490.44892473,NV;MI;GA,L,SCIP
volume_20,M+R1+R2+R3+R4+R5,7648.32000000,1.000000,14880.000000,12172.000000,514.00000000,NV;MI;GA,H;L,SCIP
recovery_value_20,empty,0.00000000,0.000000,0.000000,0.000000,0.00000000,,,none
recovery_value_20,M,500.00000000,1.000000,0.000000,0.000000,0.00000000,,,none
recovery_value_20,R1,2361.04000000,1.000000,4200.000000,2730.000000,562.15238095,NV,L,SCIP
recovery_value_20,R2,1573.92000000,1.000000,2600.000000,1690.000000,605.35384615,GA,L,SCIP
recovery_value_20,R3,1368.64000000,1.000000,2200.000000,1430.000000,622.10909091,MI,L,SCIP
recovery_value_20,R4,1149.56000000,1.000000,1800.000000,1170.000000,638.64444444,GA,L,SCIP
recovery_value_20,R5,1250.92000000,1.000000,1600.000000,1040.000000,781.82500000,MI,L,SCIP
recovery_value_20,M+R1,2721.12000000,1.000000,4200.000000,3780.000000,647.88571429,NV,H,SCIP
recovery_value_20,M+R2,2073.92000000,1.000000,2600.000000,1690.000000,797.66153846,GA,L,SCIP
recovery_value_20,M+R3,1868.64000000,1.000000,2200.000000,1430.000000,849.38181818,MI,L,SCIP
recovery_value_20,M+R4,1649.56000000,1.000000,1800.000000,1170.000000,916.42222222,GA,L,SCIP
recovery_value_20,M+R5,1750.92000000,1.000000,1600.000000,1040.000000,1094.32500000,MI,L,SCIP
recovery_value_20,R1+R2,3604.96000000,1.000000,6800.000000,4420.000000,530.14117647,NV;GA,L,SCIP
recovery_value_20,R1+R3,3399.68000000,1.000000,6400.000000,4160.000000,531.20000000,NV;MI,L,SCIP
recovery_value_20,R1+R4,3180.60000000,1.000000,6000.000000,3900.000000,530.10000000,NV;GA,L,SCIP
recovery_value_20,R1+R5,3243.96000000,1.000000,5800.000000,3770.000000,559.30344828,NV,L,SCIP
recovery_value_20,R2+R3,2422.16000000,1.000000,4800.000000,3120.000000,504.61666667,GA,L,SCIP
recovery_value_20,R2+R4,2173.48000000,1.000000,4400.000000,2860.000000,493.97272727,GA,L,SCIP
recovery_value_20,R2+R5,2277.64000000,1.000000,4200.000000,2730.000000,542.29523810,GA,L,SCIP
recovery_value_20,R3+R4,1997.80000000,1.000000,4000.000000,2600.000000,499.45000000,GA,L,SCIP
recovery_value_20,R3+R5,2059.56000000,1.000000,3800.000000,2470.000000,541.98947368,MI,L,SCIP
recovery_value_20,R4+R5,1853.28000000,1.000000,3400.000000,2210.000000,545.08235294,GA,L,SCIP
recovery_value_20,M+R1+R2,3804.48000000,1.000000,6800.000000,6120.000000,559.48235294,NV;MI,H,SCIP
recovery_value_20,M+R1+R3,3523.04000000,1.000000,6400.000000,5760.000000,550.47500000,NV;MI,H,SCIP
recovery_value_20,M+R1+R4,3445.60000000,1.000000,6000.000000,5400.000000,574.26666667,NV,H,SCIP
recovery_value_20,M+R1+R5,3447.88000000,1.000000,5800.000000,5220.000000,594.46206897,NV,H,SCIP
recovery_value_20,M+R2+R3,2755.28000000,1.000000,4800.000000,4320.000000,574.01666667,MI,H,SCIP
recovery_value_20,M+R2+R4,2673.48000000,1.000000,4400.000000,2860.000000,607.60909091,GA,L,SCIP
recovery_value_20,M+R2+R5,2702.12000000,1.000000,4200.000000,3780.000000,643.36190476,MI,H,SCIP
recovery_value_20,M+R3+R4,2464.40000000,1.000000,4000.000000,3600.000000,616.10000000,MI,H,SCIP
recovery_value_20,M+R3+R5,2420.68000000,1.000000,3800.000000,3420.000000,637.02105263,MI,H,SCIP
recovery_value_20,M+R4+R5,2353.28000000,1.000000,3400.000000,2210.000000,692.14117647,GA,L,SCIP
recovery_value_20,R1+R2+R3,4453.20000000,1.000000,9000.000000,5850.000000,494.80000000,NV;GA,L,SCIP
recovery_value_20,R1+R2+R4,4204.52000000,1.000000,8600.000000,5590.000000,488.89767442,NV;GA,L,SCIP
recovery_value_20,R1+R2+R5,4308.68000000,1.000000,8400.000000,5460.000000,512.93809524,NV;GA,L,SCIP
recovery_value_20,R1+R3+R4,4028.84000000,1.000000,8200.000000,5330.000000,491.32195122,NV;GA,L,SCIP
recovery_value_20,R1+R3+R5,4090.60000000,1.000000,8000.000000,5200.000000,511.32500000,NV;MI,L,SCIP
recovery_value_20,R1+R4+R5,3884.32000000,1.000000,7600.000000,4940.000000,511.09473684,NV;GA,L,SCIP
recovery_value_20,R2+R3+R4,3212.12000000,1.000000,6600.000000,4290.000000,486.68484848,MI;GA,L,SCIP
recovery_value_20,R2+R3+R5,3303.48000000,1.000000,6400.000000,4160.000000,516.16875000,MI;GA,L,SCIP
recovery_value_20,R2+R4+R5,2998.20000000,1.000000,6000.000000,3900.000000,499.70000000,TN,L,SCIP
recovery_value_20,R3+R4+R5,2879.12000000,1.000000,5600.000000,3640.000000,514.12857143,MI;GA,L,SCIP
recovery_value_20,M+R1+R2+R3,4376.40000000,1.000000,9000.000000,8100.000000,486.26666667,NV;MI,H,SCIP
recovery_value_20,M+R1+R2+R4,4348.26000000,1.000000,8600.000000,7740.000000,505.61162791,NV;GA,H,SCIP
recovery_value_20,M+R1+R2+R5,4323.24000000,1.000000,8400.000000,7560.000000,514.67142857,NV;MI,H,SCIP
recovery_value_20,M+R1+R3+R4,4085.52000000,1.000000,8200.000000,7380.000000,498.23414634,NV;MI,H,SCIP
recovery_value_20,M+R1+R3+R5,4041.80000000,1.000000,8000.000000,7200.000000,505.22500000,NV;MI,H,SCIP
recovery_value_20,M+R1+R4+R5,4032.36000000,1.000000,7600.000000,6840.000000,530.57368421,NV;MI,H,SCIP
recovery_value_20,M+R2+R3+R4,3489.16000000,1.000000,6600.000000,5940.000000,528.66060606,MI;GA,H,SCIP
recovery_value_20,M+R2+R3+R5,3519.24000000,1.000000,6400.000000,5760.000000,549.88125000,MI;GA,H,SCIP
recovery_value_20,M+R2+R4+R5,3422.60000000,1.000000,6000.000000,5400.000000,570.43333333,TN,H,SCIP
recovery_value_20,M+R3+R4+R5,3154.56000000,1.000000,5600.000000,5040.000000,563.31428571,MI;GA,H,SCIP
recovery_value_20,R1+R2+R3+R4,5127.96000000,1.000000,10800.000000,7020.000000,474.81111111,NV;GA,L,SCIP
recovery_value_20,R1+R2+R3+R5,5222.72000000,1.000000,10600.000000,6890.000000,492.70943396,NV;GA,L,SCIP
recovery_value_20,R1+R2+R4+R5,4955.24000000,1.000000,10200.000000,6630.000000,485.80784314,NV;GA,L,SCIP
recovery_value_20,R1+R3+R4+R5,4787.76000000,1.000000,9800.000000,6370.000000,488.54693878,NV;GA,L,SCIP
recovery_value_20,R2+R3+R4+R5,3903.04000000,1.000000,8200.000000,5330.000000,475.98048780,MI;GA,L,SCIP
recovery_value_20,M+R1+R2+R3+R4,5320.96000000,1.000000,10800.000000,9520.000000,492.68148148,NV;MI,H;L,SCIP
recovery_value_20,M+R1+R2+R3+R5,5254.72000000,1.000000,10600.000000,9390.000000,495.72830189,NV;MI,H;L,SCIP
recovery_value_20,M+R1+R2+R4+R5,5200.24000000,1.000000,10200.000000,9130.000000,509.82745098,NV;MI,H;L,SCIP
recovery_value_20,M+R1+R3+R4+R5,4658.28000000,1.000000,9800.000000,8820.000000,475.33469388,NV;MI,H,SCIP
recovery_value_20,M+R2+R3+R4+R5,4033.12000000,1.000000,8200.000000,7380.000000,491.84390244,MI;GA,H,SCIP
recovery_value_20,R1+R2+R3+R4+R5,5934.08000000,1.000000,12400.000000,8060.000000,478.55483871,NV;MI;GA,L,SCIP
recovery_value_20,M+R1+R2+R3+R4+R5,6046.08000000,1.000000,12400.000000,10560.000000,487.58709677,NV;MI;GA,H;L,SCIP
transportation_25,empty,0.00000000,0.000000,0.000000,0.000000,0.00000000,,,none
transportation_25,M,500.00000000,1.000000,0.000000,0.000000,0.00000000,,,none
transportation_25,R1,2580.70000000,1.000000,4200.000000,2730.000000,614.45238095,NV,L,SCIP
transportation_25,R2,1709.90000000,1.000000,2600.000000,1690.000000,657.65384615,GA,L,SCIP
transportation_25,R3,1469.95000000,1.000000,2200.000000,1430.000000,668.15909091,MI,L,SCIP
transportation_25,R4,1218.95000000,1.000000,1800.000000,1170.000000,677.19444444,GA,L,SCIP
transportation_25,R5,1338.60000000,1.000000,1600.000000,1040.000000,836.62500000,MI,L,SCIP
transportation_25,M+R1,3059.85000000,1.000000,4200.000000,3780.000000,728.53571429,NV,H,SCIP
transportation_25,M+R2,2209.90000000,1.000000,2600.000000,1690.000000,849.96153846,GA,L,SCIP
transportation_25,M+R3,1969.95000000,1.000000,2200.000000,1430.000000,895.43181818,MI,L,SCIP
transportation_25,M+R4,1718.95000000,1.000000,1800.000000,1170.000000,954.97222222,GA,L,SCIP
transportation_25,M+R5,1838.60000000,1.000000,1600.000000,1040.000000,1149.12500000,MI,L,SCIP
transportation_25,R1+R2,3960.60000000,1.000000,6800.000000,4420.000000,582.44117647,NV;GA,L,SCIP
transportation_25,R1+R3,3720.65000000,1.000000,6400.000000,4160.000000,581.35156250,NV;MI,L,SCIP
transportation_25,R1+R4,3469.65000000,1.000000,6000.000000,3900.000000,578.27500000,NV;GA,L,SCIP
transportation_25,R1+R5,3589.30000000,1.000000,5800.000000,3770.000000,618.84482759,NV;MI,L,SCIP
transportation_25,R2+R3,2670.45000000,1.000000,4800.000000,3120.000000,556.34375000,GA,L,SCIP
transportation_25,R2+R4,2378.85000000,1.000000,4400.000000,2860.000000,540.64772727,GA,L,SCIP
transportation_25,R2+R5,2505.30000000,1.000000,4200.000000,2730.000000,596.50000000,GA,L,SCIP
transportation_25,R3+R4,2179.50000000,1.000000,4000.000000,2600.000000,544.87500000,GA,L,SCIP
transportation_25,R3+R5,2248.55000000,1.000000,3800.000000,2470.000000,591.72368421,MI,L,SCIP
transportation_25,R4+R5,2014.35000000,1.000000,3400.000000,2210.000000,592.45588235,GA,L,SCIP
transportation_25,M+R1+R2,4372.40000000,1.000000,6800.000000,6120.000000,643.00000000,NV;MI,H,SCIP
transportation_25,M+R1+R3,4019.95000000,1.000000,6400.000000,5760.000000,628.11718750,NV;MI,H,SCIP
transportation_25,M+R1+R4,3936.65000000,1.000000,6000.000000,5400.000000,656.10833333,NV;GA,H,SCIP
transportation_25,M+R1+R5,3937.65000000,1.000000,5800.000000,5220.000000,678.90517241,NV;MI,H,SCIP
transportation_25,M+R2+R3,3142.65000000,1.000000,4800.000000,4320.000000,654.71875000,MI,H,SCIP
transportation_25,M+R2+R4,2878.85000000,1.000000,4400.000000,2860.000000,654.28409091,GA,L,SCIP
transportation_25,M+R2+R5,3005.30000000,1.000000,4200.000000,2730.000000,715.54761905,GA,L,SCIP
transportation_25,M+R3+R4,2679.50000000,1.000000,4000.000000,2600.000000,669.87500000,GA,L,SCIP
transportation_25,M+R3+R5,2707.90000000,1.000000,3800.000000,3420.000000,712.60526316,MI,H,SCIP
transportation_25,M+R4+R5,2514.35000000,1.000000,3400.000000,2210.000000,739.51470588,GA,L,SCIP
transportation_25,R1+R2+R3,4921.15000000,1.000000,9000.000000,5850.000000,546.79444444,NV;GA,L,SCIP
transportation_25,R1+R2+R4,4629.55000000,1.000000,8600.000000,5590.000000,538.31976744,NV;GA,L,SCIP
transportation_25,R1+R2+R5,4756.00000000,1.000000,8400.000000,5460.000000,566.19047619,NV;GA,L,SCIP
transportation_25,R1+R3+R4,4430.20000000,1.000000,8200.000000,5330.000000,540.26829268,NV;GA,L,SCIP
transportation_25,R1+R3+R5,4499.25000000,1.000000,8000.000000,5200.000000,562.40625000,NV;MI,L,SCIP
transportation_25,R1+R4+R5,4265.05000000,1.000000,7600.000000,4940.000000,561.19078947,NV;GA,L,SCIP
transportation_25,R2+R3+R4,3518.80000000,1.000000,6600.000000,4290.000000,533.15151515,MI;GA,L,SCIP
transportation_25,R2+R3+R5,3628.45000000,1.000000,6400.000000,4160.000000,566.94531250,MI;GA,L,SCIP
transportation_25,R2+R4+R5,3309.50000000,1.000000,6000.000000,3900.000000,551.58333333,TN,L,SCIP
transportation_25,R3+R4+R5,3137.50000000,1.000000,5600.000000,3640.000000,560.26785714,MI;GA,L,SCIP
transportation_25,M+R1+R2+R3,5102.50000000,1.000000,9000.000000,8100.000000,566.94444444,NV;MI,H,SCIP
transportation_25,M+R1+R2+R4,5066.35000000,1.000000,8600.000000,7740.000000,589.11046512,NV;GA,H,SCIP
transportation_25,M+R1+R2+R5,5020.20000000,1.000000,8400.000000,7560.000000,597.64285714,NV;MI,H,SCIP
transportation_25,M+R1+R3+R4,4736.60000000,1.000000,8200.000000,7380.000000,577.63414634,NV;MI,H,SCIP
transportation_25,M+R1+R3+R5,4667.75000000,1.000000,8000.000000,7200.000000,583.46875000,NV;MI,H,SCIP
transportation_25,M+R1+R4+R5,4654.30000000,1.000000,7600.000000,6840.000000,612.40789474,NV;MI,H,SCIP
transportation_25,M+R2+R3+R4,4018.80000000,1.000000,6600.000000,4290.000000,608.90909091,MI;GA,L,SCIP
transportation_25,M+R2+R3+R5,4039.40000000,1.000000,6400.000000,5760.000000,631.15625000,TN;MI,H,SCIP
transportation_25,M+R2+R4+R5,3809.50000000,1.000000,6000.000000,3900.000000,634.91666667,TN,L,SCIP
transportation_25,M+R3+R4+R5,3584.70000000,1.000000,5600.000000,5040.000000,640.12500000,MI;GA,H,SCIP
transportation_25,R1+R2+R3+R4,5681.30000000,1.000000,10800.000000,7020.000000,526.04629630,NV;GA,L,SCIP
transportation_25,R1+R2+R3+R5,5796.35000000,1.000000,10600.000000,6890.000000,546.82547170,NV;GA,L,SCIP
transportation_25,R1+R2+R4+R5,5481.95000000,1.000000,10200.000000,6630.000000,537.44607843,NV;GA,L,SCIP
transportation_25,R1+R3+R4+R5,5293.55000000,1.000000,9800.000000,6370.000000,540.15816327,NV;GA,L,SCIP
transportation_25,R2+R3+R4+R5,4297.40000000,1.000000,8200.000000,5330.000000,524.07317073,MI;GA,L,SCIP
transportation_25,M+R1+R2+R3+R4,6181.30000000,1.000000,10800.000000,7020.000000,572.34259259,NV;GA,L,SCIP
transportation_25,M+R1+R2+R3+R5,6096.35000000,1.000000,10600.000000,9390.000000,575.12735849,NV;MI,H;L,SCIP
transportation_25,M+R1+R2+R4+R5,5981.95000000,1.000000,10200.000000,6630.000000,586.46568627,NV;GA,L,SCIP
transportation_25,M+R1+R3+R4+R5,5451.15000000,1.000000,9800.000000,8820.000000,556.23979592,NV;MI,H,SCIP
transportation_25,M+R2+R3+R4+R5,4699.45000000,1.000000,8200.000000,7380.000000,573.10365854,MI;GA,H,SCIP
transportation_25,R1+R2+R3+R4+R5,6548.10000000,1.000000,12400.000000,8060.000000,528.07258065,NV;MI;GA,L,SCIP
transportation_25,M+R1+R2+R3+R4+R5,6951.10000000,1.000000,12400.000000,10560.000000,560.57258065,NV;MI;GA,H;L,SCIP
