coalition,payment,coalition_cost,slack
M+R1+R3+R4+R5,5385.38500000,5240.40000000,-144.98500000
M+R1+R2+R3,4965.42000000,4911.00000000,-54.42000000
M+R2+R3+R4+R5,4547.09666667,4520.20000000,-26.89666667
M+R1+R3+R5,4533.36666667,4517.00000000,-16.36666667
R1+R2+R3+R4+R5,6264.79166667,6272.60000000,7.80833333
M+R1+R2+R3+R5,5853.58166667,5865.10000000,11.51833333
M+R1+R2+R5,4807.68833333,4822.20000000,14.51166667
R1+R2+R4+R5,5218.89833333,5233.70000000,14.80166667
R2+R3+R4+R5,4106.28833333,4126.90000000,20.61166667
R1+R2+R3+R4,5376.63000000,5422.80000000,46.17000000
M,440.80833333,500.00000000,59.19166667
M+R1+R2+R4+R5,5659.70666667,5733.70000000,73.99333333
M+R1+R3+R4,4497.22333333,4572.60000000,75.37666667
M+R1+R2+R4,4771.54500000,4859.10000000,87.55500000
R1+R2+R3+R5,5412.77333333,5512.10000000,99.32666667
R2+R4+R5,3060.39500000,3162.00000000,101.60500000
M+R1+R2+R3+R4,5817.43833333,5922.80000000,105.36166667
R1+R2+R4,4330.73666667,4439.30000000,108.56333333
R1+R3+R4+R5,4944.57666667,5055.30000000,110.72333333
R2+R4,2172.23333333,2293.60000000,121.36666667
M+R1+R4+R5,4339.49166667,4483.80000000,144.30833333
M+R2+R4+R5,3501.20333333,3662.00000000,160.79666667
R1+R2+R5,4366.88000000,4538.00000000,171.12000000
R2+R3+R4,3218.12666667,3392.30000000,174.17333333
R1+R2+R3,4524.61166667,4698.90000000,174.28833333
M+R2+R4,2613.04166667,2793.60000000,180.55833333
R2+R5,2208.37666667,2392.30000000,183.92333333
R2+R3,2366.10833333,2553.20000000,187.09166667
R1+R4+R5,3898.68333333,4091.80000000,193.11666667
R1+R3+R4,4056.41500000,4252.70000000,196.28500000
M+R2+R3+R5,3695.07833333,3899.40000000,204.32166667
R4+R5,1740.18000000,1946.10000000,205.92000000
R3+R4,1897.91166667,2107.00000000,209.08833333
R1+R3+R5,4092.55833333,4309.00000000,216.44166667
M+R2+R3+R4,3658.93500000,3881.20000000,222.26500000
R2+R3+R5,3254.27000000,3478.20000000,223.93000000
R3+R5,1934.05500000,2163.30000000,229.24500000
M+R2+R3,2806.91666667,3040.40000000,233.48333333
M+R2+R5,2649.18500000,2892.30000000,243.11500000
R3+R4+R5,2786.07333333,3032.00000000,245.92666667
M+R1+R3,3645.20500000,3903.20000000,257.99500000
M+R3+R4+R5,3226.88166667,3487.20000000,260.31833333
M+R4+R5,2180.98833333,2446.10000000,265.11166667
M+R3+R4,2338.72000000,2607.00000000,268.28000000
M+R3+R5,2374.86333333,2646.40000000,271.53666667
M+R1+R2,3919.52666667,4208.40000000,288.87333333
M+R1+R5,3487.47333333,3792.40000000,304.92666667
R1+R2,3478.71833333,3790.60000000,311.88166667
R1,2158.50333333,2475.70000000,317.19666667
R2,1320.21500000,1644.90000000,324.68500000
R1+R4,3010.52166667,3344.40000000,333.87833333
R4,852.01833333,1198.70000000,346.68166667
M+R1+R4,3451.33000000,3802.00000000,350.67000000
R1+R5,3046.66500000,3402.30000000,355.63500000
R1+R3,3204.39666667,3574.40000000,370.00333333
M+R1,2599.31166667,2970.60000000,371.28833333
R3,1045.89333333,1428.70000000,382.80666667
M+R2,1761.02333333,2144.90000000,383.87666667
M+R4,1292.82666667,1698.70000000,405.87333333
R5,888.16166667,1294.60000000,406.43833333
M+R3,1486.70166667,1928.70000000,441.99833333
M+R5,1328.97000000,1794.60000000,465.63000000
