dispersion,grand_cost,epsilon_star,epsilon_lp,cost_of_stability,integrality_gap,shapley_min_slack,blocking_coalitions,grand_processors,owen_condition,certificate,volume_range
0.000000,6676.240000,117.153333,-16.666667,140.584000,498.565128,-245.051333,8,H;L,true,M+R2+R3+R4+R5;M+R1+R2+R3+R4;M+R1+R2+R3+R5;R1+R2+R3+R4+R5;M+R1+R2+R4+R5;M+R1+R3+R4+R5,0.000000
0.125000,6679.700000,53.311000,-16.666667,66.638750,494.903718,-93.088043,6,H;L,true,M+R1+R3+R4+R5;M+R2+R3+R4+R5;M+R1+R2+R3;R1+R2+R3+R4+R5;M+R1+R2+R4+R5,325.000000
0.250000,6683.400000,52.958000,-16.666667,66.197500,491.482308,-90.177917,7,H;L,true,M+R1+R3+R4+R5;M+R2+R3+R4+R5;M+R1+R2+R3;R1+R2+R3+R4+R5;M+R1+R2+R4+R5,650.000000
0.375000,6687.100000,22.090625,-16.666667,29.454167,488.060897,-69.714375,4,H;L,true,M+R2+R3+R4+R5;M+R1+R2+R3;M+R1+R3+R4+R5;R1+R2+R4+R5,975.000000
0.500000,6690.800000,28.247500,-16.666667,37.663333,484.639487,-81.602500,5,H;L,true,M+R2+R3+R4+R5;M+R1+R2+R3;M+R1+R3+R4+R5;R1+R2+R4+R5,1300.000000
0.625000,6694.500000,34.404375,-16.666667,45.872500,481.218077,-98.619875,5,H;L,true,M+R2+R3+R4+R5;M+R1+R2+R3;M+R1+R3+R4+R5;R1+R2+R4+R5,1625.000000
0.750000,6698.200000,40.561250,-16.666667,54.081667,477.796667,-115.393750,4,H;L,true,M+R2+R3+R4+R5;M+R1+R2+R3;M+R1+R3+R4+R5;R1+R2+R4+R5,1950.000000
0.875000,6701.900000,46.718125,-16.666667,62.290833,474.375256,-125.450292,4,H;L,true,M+R2+R3+R4+R5;M+R1+R2+R3;M+R1+R3+R4+R5;R1+R2+R4+R5,2275.000000
1.000000,6705.600000,52.875000,-16.666667,70.500000,470.953846,-144.985000,4,H;L,true,M+R1+R2+R3;M+R1+R3+R4+R5;M+R2+R3+R4+R5;R1+R2+R4+R5,2600.000000
