service_rate,grand_cost,epsilon_star,epsilon_lp,cost_of_stability,integrality_gap,shapley_min_slack,blocking_coalitions,grand_processors,owen_condition,certificate
0.800000,5329.760000,-157.280000,-16.666667,0.000000,207.043077,92.404000,0,H,true,
0.810000,5658.264000,50.646500,-16.666667,67.528667,479.950615,-123.022350,5,H;L,true,M+R1+R2+R3+R4;M+R1+R2+R3+R5;M+R1+R3+R4+R5;R2+R4+R5
0.820000,5712.008000,56.673000,-16.666667,75.564000,478.098154,-130.273767,5,H;L,true,M+R1+R2+R3+R4;M+R1+R2+R3+R5;M+R1+R3+R4+R5;R2+R4+R5
0.830000,5765.752000,62.699500,-16.666667,83.599333,476.245692,-137.540317,5,H;L,true,M+R1+R2+R3+R4;M+R1+R2+R3+R5;M+R1+R3+R4+R5;R2+R4+R5
0.840000,5819.496000,50.220000,-16.666667,62.775000,474.393231,-141.154200,5,H;L,true,M+R1+R2+R4+R5;M+R1+R3+R4+R5;R2+R3+R4+R5;M+R1+R2+R3+R4;M+R1+R2+R3+R5
0.850000,5873.240000,56.425000,-16.666667,70.531250,472.540769,-148.316750,5,H;L,true,M+R1+R2+R4+R5;M+R1+R3+R4+R5;R2+R3+R4+R5;M+R1+R2+R3+R4;M+R1+R2+R3+R5
0.860000,5926.984000,62.630000,-16.666667,78.287500,470.688308,-155.479300,5,H;L,true,M+R1+R2+R4+R5;M+R1+R3+R4+R5;R2+R3+R4+R5;M+R1+R2+R3+R4;M+R1+R2+R3+R5
0.870000,5980.728000,68.835000,-16.666667,86.043750,468.835846,-162.641850,5,H;L,true,M+R1+R2+R4+R5;M+R1+R3+R4+R5;R2+R3+R4+R5;M+R1+R2+R3+R4;M+R1+R2+R3+R5
0.880000,6034.472000,75.040000,-16.666667,93.800000,466.983385,-169.771867,5,H;L,true,M+R1+R2+R4+R5;M+R1+R3+R4+R5;R2+R3+R4+R5;M+R1+R2+R3+R4;M+R1+R2+R3+R5
0.890000,6088.216000,81.245000,-16.666667,101.556250,465.130923,-176.943517,5,H;L,true,M+R1+R2+R4+R5;M+R1+R3+R4+R5;R2+R3+R4+R5;M+R1+R2+R3+R4;M+R1+R2+R3+R5
0.900000,6144.960000,89.130000,-16.666667,111.412500,466.278462,-180.716167,5,H;L,true,M+R1+R2+R4+R5;M+R1+R3+R4+R5;R2+R3+R4+R5;M+R1+R2+R3+R4;M+R1+R2+R3+R5
0.910000,6202.904000,97.687000,-16.666667,122.108750,468.626000,-188.318983,5,H;L,true,M+R1+R2+R4+R5;M+R1+R3+R4+R5;R2+R3+R4+R5;M+R1+R2+R3+R4;M+R1+R2+R3+R5
0.920000,6260.848000,106.244000,-16.666667,132.805000,470.973538,-198.677800,6,H;L,true,M+R1+R2+R4+R5;M+R1+R3+R4+R5;R2+R3+R4+R5;M+R1+R2+R3+R4;M+R1+R2+R3+R5
0.930000,6376.284000,125.058400,-16.666667,170.452000,530.813077,-246.486683,9,H;L,true,M+R1+R2+R3+R5;M+R2+R3+R4+R5;M+R1+R3+R4+R5;R1+R2+R3+R4;M+R1+R2+R4+R5
0.940000,6423.072000,123.747200,-16.666667,169.516000,522.004615,-250.921900,8,H;L,true,M+R1+R2+R3+R5;M+R2+R3+R4+R5;M+R1+R3+R4+R5;R1+R2+R3+R4;M+R1+R2+R4+R5
0.950000,6470.070000,84.638750,-16.666667,112.851667,513.406154,-173.761833,8,H;L,true,M+R1+R2+R3;M+R1+R2+R4+R5;M+R1+R3+R4+R5;R2+R3+R4+R5
0.960000,6517.176000,84.306000,-16.666667,112.408000,504.915692,-164.144600,7,H;L,true,M+R1+R2+R3;M+R1+R2+R4+R5;M+R1+R3+R4+R5;R2+R3+R4+R5
0.970000,6564.282000,83.973250,-16.666667,111.964333,496.425231,-161.278317,7,H;L,true,M+R1+R2+R3;M+R1+R2+R4+R5;M+R1+R3+R4+R5;R2+R3+R4+R5
0.980000,6611.388000,83.605514,-16.666667,111.474019,487.934769,-158.409769,7,H;L,true,M+R1+R2+R3;M+R1+R2+R4+R5;M+R1+R3+R4+R5;R2+R3+R4+R5
0.990000,6658.494000,54.158750,-16.666667,72.211667,479.444308,-148.149233,4,H;L,true,M+R1+R2+R3;M+R1+R3+R4+R5;M+R2+R3+R4+R5;R1+R2+R4+R5
1.000000,6705.600000,52.875000,-16.666667,70.500000,470.953846,-144.985000,4,H;L,true,M+R1+R2+R3;M+R1+R3+R4+R5;M+R2+R3+R4+R5;R1+R2+R4+R5
